run_id,approach,comms_dropout,seed,steps,grid_size,terrain_source,terrain_cache_path,ignore_happo_env
0,random_action,0.0,0,500,128,real,data/terrain_cache/f15b8960d21b_128.npz,False
1,random_action,0.0,1,500,128,real,data/terrain_cache/f15b8960d21b_128.npz,False
2,random_action,0.0,2,500,128,real,data/terrain_cache/f15b8960d21b_128.npz,False
3,random_action,0.0,3,500,128,real,data/terrain_cache/f15b8960d21b_128.npz,False
4,random_action,0.0,4,500,128,real,data/terrain_cache/f15b8960d21b_128.npz,False
5,random_action,0.0,5,500,128,real,data/terrain_cache/f15b8960d21b_128.npz,False
6,random_action,0.0,6,500,128,real,data/terrain_cache/f15b8960d21b_128.npz,False
7,random_action,0.0,7,500,128,real,data/terrain_cache/f15b8960d21b_128.npz,False
8,random_action,0.0,8,500,128,real,data/terrain_cache/f15b8960d21b_128.npz,False
9,random_action,0.0,9,500,128,real,data/terrain_cache/f15b8960d21b_128.npz,False
10,random_action,0.0,10,500,128,real,data/terrain_cache/f15b8960d21b_128.npz,False
11,random_action,0.0,11,500,128,real,data/terrain_cache/f15b8960d21b_128.npz,False
12,random_action,0.0,12,500,128,real,data/terrain_cache/f15b8960d21b_128.npz,False
13,random_action,0.0,13,500,128,real,data/terrain_cache/f15b8960d21b_128.npz,False
14,random_action,0.0,14,500,128,real,data/terrain_cache/f15b8960d21b_128.npz,False
15,random_action,0.0,15,500,128,real,data/terrain_cache/f15b8960d21b_128.npz,False
16,random_action,0.0,16,500,128,real,data/terrain_cache/f15b8960d21b_128.npz,False
17,random_action,0.2,0,500,128,real,data/terrain_cache/f15b8960d21b_128.npz,False
18,random_action,0.2,1,500,128,real,data/terrain_cache/f15b8960d21b_128.npz,False
19,random_action,0.2,2,500,128,real,data/terrain_cache/f15b8960d21b_128.npz,False
20,random_action,0.2,3,500,128,real,data/terrain_cache/f15b8960d21b_128.npz,False
21,random_action,0.2,4,500,128,real,data/terrain_cache/f15b8960d21b_128.npz,False
22,random_action,0.2,5,500,128,real,data/terrain_cache/f15b8960d21b_128.npz,False
23,random_action,0.2,6,500,128,real,data/terrain_cache/f15b8960d21b_128.npz,False
24,random_action,0.2,7,500,128,real,data/terrain_cache/f15b8960d21b_128.npz,False
25,random_action,0.2,8,500,128,real,data/terrain_cache/f15b8960d21b_128.npz,False
26,random_action,0.2,9,500,128,real,data/terrain_cache/f15b8960d21b_128.npz,False
27,random_action,0.2,10,500,128,real,data/terrain_cache/f15b8960d21b_128.npz,False
28,random_action,0.2,11,500,128,real,data/terrain_cache/f15b8960d21b_128.npz,False
29,random_action,0.2,12,500,128,real,data/terrain_cache/f15b8960d21b_128.npz,False
30,random_action,0.2,13,500,128,real,data/terrain_cache/f15b8960d21b_128.npz,False
31,random_action,0.2,14,500,128,real,data/terrain_cache/f15b8960d21b_128.npz,False
32,random_action,0.2,15,500,128,real,data/terrain_cache/f15b8960d21b_128.npz,False
33,random_action,0.2,16,500,128,real,data/terrain_cache/f15b8960d21b_128.npz,False
34,random_action,0.4,0,500,128,real,data/terrain_cache/f15b8960d21b_128.npz,False
35,random_action,0.4,1,500,128,real,data/terrain_cache/f15b8960d21b_128.npz,False
36,random_action,0.4,2,500,128,real,data/terrain_cache/f15b8960d21b_128.npz,False
37,random_action,0.4,3,500,128,real,data/terrain_cache/f15b8960d21b_128.npz,False
38,random_action,0.4,4,500,128,real,data/terrain_cache/f15b8960d21b_128.npz,False
39,random_action,0.4,5,500,128,real,data/terrain_cache/f15b8960d21b_128.npz,False
40,random_action,0.4,6,500,128,real,data/terrain_cache/f15b8960d21b_128.npz,False
41,random_action,0.4,7,500,128,real,data/terrain_cache/f15b8960d21b_128.npz,False
42,random_action,0.4,8,500,128,real,data/terrain_cache/f15b8960d21b_128.npz,False
43,random_action,0.4,9,500,128,real,data/terrain_cache/f15b8960d21b_128.npz,False
44,random_action,0.4,10,500,128,real,data/terrain_cache/f15b8960d21b_128.npz,False
45,random_action,0.4,11,500,128,real,data/terrain_cache/f15b8960d21b_128.npz,False
46,random_action,0.4,12,500,128,real,data/terrain_cache/f15b8960d21b_128.npz,False
47,random_action,0.4,13,500,128,real,data/terrain_cache/f15b8960d21b_128.npz,False
48,random_action,0.4,14,500,128,real,data/terrain_cache/f15b8960d21b_128.npz,False
49,random_action,0.4,15,500,128,real,data/terrain_cache/f15b8960d21b_128.npz,False
50,random_action,0.4,16,500,128,real,data/terrain_cache/f15b8960d21b_128.npz,False
51,random_action,0.6,0,500,128,real,data/terrain_cache/f15b8960d21b_128.npz,False
52,random_action,0.6,1,500,128,real,data/terrain_cache/f15b8960d21b_128.npz,False
53,random_action,0.6,2,500,128,real,data/terrain_cache/f15b8960d21b_128.npz,False
54,random_action,0.6,3,500,128,real,data/terrain_cache/f15b8960d21b_128.npz,False
55,random_action,0.6,4,500,128,real,data/terrain_cache/f15b8960d21b_128.npz,False
56,random_action,0.6,5,500,128,real,data/terrain_cache/f15b8960d21b_128.npz,False
57,random_action,0.6,6,500,128,real,data/terrain_cache/f15b8960d21b_128.npz,False
58,random_action,0.6,7,500,128,real,data/terrain_cache/f15b8960d21b_128.npz,False
59,random_action,0.6,8,500,128,real,data/terrain_cache/f15b8960d21b_128.npz,False
60,random_action,0.6,9,500,128,real,data/terrain_cache/f15b8960d21b_128.npz,False
61,random_action,0.6,10,500,128,real,data/terrain_cache/f15b8960d21b_128.npz,False
62,random_action,0.6,11,500,128,real,data/terrain_cache/f15b8960d21b_128.npz,False
63,random_action,0.6,12,500,128,real,data/terrain_cache/f15b8960d21b_128.npz,False
64,random_action,0.6,13,500,128,real,data/terrain_cache/f15b8960d21b_128.npz,False
65,random_action,0.6,14,500,128,real,data/terrain_cache/f15b8960d21b_128.npz,False
66,random_action,0.6,15,500,128,real,data/terrain_cache/f15b8960d21b_128.npz,False
67,random_action,0.6,16,500,128,real,data/terrain_cache/f15b8960d21b_128.npz,False
68,random_action,0.8,0,500,128,real,data/terrain_cache/f15b8960d21b_128.npz,False
69,random_action,0.8,1,500,128,real,data/terrain_cache/f15b8960d21b_128.npz,False
70,random_action,0.8,2,500,128,real,data/terrain_cache/f15b8960d21b_128.npz,False
71,random_action,0.8,3,500,128,real,data/terrain_cache/f15b8960d21b_128.npz,False
72,random_action,0.8,4,500,128,real,data/terrain_cache/f15b8960d21b_128.npz,False
73,random_action,0.8,5,500,128,real,data/terrain_cache/f15b8960d21b_128.npz,False
74,random_action,0.8,6,500,128,real,data/terrain_cache/f15b8960d21b_128.npz,False
75,random_action,0.8,7,500,128,real,data/terrain_cache/f15b8960d21b_128.npz,False
76,random_action,0.8,8,500,128,real,data/terrain_cache/f15b8960d21b_128.npz,False
77,random_action,0.8,9,500,128,real,data/terrain_cache/f15b8960d21b_128.npz,False
78,random_action,0.8,10,500,128,real,data/terrain_cache/f15b8960d21b_128.npz,False
79,random_action,0.8,11,500,128,real,data/terrain_cache/f15b8960d21b_128.npz,False
80,random_action,0.8,12,500,128,real,data/terrain_cache/f15b8960d21b_128.npz,False
81,random_action,0.8,13,500,128,real,data/terrain_cache/f15b8960d21b_128.npz,False
82,random_action,0.8,14,500,128,real,data/terrain_cache/f15b8960d21b_128.npz,False
83,random_action,0.8,15,500,128,real,data/terrain_cache/f15b8960d21b_128.npz,False
84,random_action,0.8,16,500,128,real,data/terrain_cache/f15b8960d21b_128.npz,False
85,random_walk,0.0,0,500,128,real,data/terrain_cache/f15b8960d21b_128.npz,False
86,random_walk,0.0,1,500,128,real,data/terrain_cache/f15b8960d21b_128.npz,False
87,random_walk,0.0,2,500,128,real,data/terrain_cache/f15b8960d21b_128.npz,False
88,random_walk,0.0,3,500,128,real,data/terrain_cache/f15b8960d21b_128.npz,False
89,random_walk,0.0,4,500,128,real,data/terrain_cache/f15b8960d21b_128.npz,False
90,random_walk,0.0,5,500,128,real,data/terrain_cache/f15b8960d21b_128.npz,False
91,random_walk,0.0,6,500,128,real,data/terrain_cache/f15b8960d21b_128.npz,False
92,random_walk,0.0,7,500,128,real,data/terrain_cache/f15b8960d21b_128.npz,False
93,random_walk,0.0,8,500,128,real,data/terrain_cache/f15b8960d21b_128.npz,False
94,random_walk,0.0,9,500,128,real,data/terrain_cache/f15b8960d21b_128.npz,False
95,random_walk,0.0,10,500,128,real,data/terrain_cache/f15b8960d21b_128.npz,False
96,random_walk,0.0,11,500,128,real,data/terrain_cache/f15b8960d21b_128.npz,False
97,random_walk,0.0,12,500,128,real,data/terrain_cache/f15b8960d21b_128.npz,False
98,random_walk,0.0,13,500,128,real,data/terrain_cache/f15b8960d21b_128.npz,False
99,random_walk,0.0,14,500,128,real,data/terrain_cache/f15b8960d21b_128.npz,False
100,random_walk,0.0,15,500,128,real,data/terrain_cache/f15b8960d21b_128.npz,False
101,random_walk,0.0,16,500,128,real,data/terrain_cache/f15b8960d21b_128.npz,False
102,random_walk,0.2,0,500,128,real,data/terrain_cache/f15b8960d21b_128.npz,False
103,random_walk,0.2,1,500,128,real,data/terrain_cache/f15b8960d21b_128.npz,False
104,random_walk,0.2,2,500,128,real,data/terrain_cache/f15b8960d21b_128.npz,False
105,random_walk,0.2,3,500,128,real,data/terrain_cache/f15b8960d21b_128.npz,False
106,random_walk,0.2,4,500,128,real,data/terrain_cache/f15b8960d21b_128.npz,False
107,random_walk,0.2,5,500,128,real,data/terrain_cache/f15b8960d21b_128.npz,False
108,random_walk,0.2,6,500,128,real,data/terrain_cache/f15b8960d21b_128.npz,False
109,random_walk,0.2,7,500,128,real,data/terrain_cache/f15b8960d21b_128.npz,False
110,random_walk,0.2,8,500,128,real,data/terrain_cache/f15b8960d21b_128.npz,False
111,random_walk,0.2,9,500,128,real,data/terrain_cache/f15b8960d21b_128.npz,False
112,random_walk,0.2,10,500,128,real,data/terrain_cache/f15b8960d21b_128.npz,False
113,random_walk,0.2,11,500,128,real,data/terrain_cache/f15b8960d21b_128.npz,False
114,random_walk,0.2,12,500,128,real,data/terrain_cache/f15b8960d21b_128.npz,False
115,random_walk,0.2,13,500,128,real,data/terrain_cache/f15b8960d21b_128.npz,False
116,random_walk,0.2,14,500,128,real,data/terrain_cache/f15b8960d21b_128.npz,False
117,random_walk,0.2,15,500,128,real,data/terrain_cache/f15b8960d21b_128.npz,False
118,random_walk,0.2,16,500,128,real,data/terrain_cache/f15b8960d21b_128.npz,False
119,random_walk,0.4,0,500,128,real,data/terrain_cache/f15b8960d21b_128.npz,False
120,random_walk,0.4,1,500,128,real,data/terrain_cache/f15b8960d21b_128.npz,False
121,random_walk,0.4,2,500,128,real,data/terrain_cache/f15b8960d21b_128.npz,False
122,random_walk,0.4,3,500,128,real,data/terrain_cache/f15b8960d21b_128.npz,False
123,random_walk,0.4,4,500,128,real,data/terrain_cache/f15b8960d21b_128.npz,False
124,random_walk,0.4,5,500,128,real,data/terrain_cache/f15b8960d21b_128.npz,False
125,random_walk,0.4,6,500,128,real,data/terrain_cache/f15b8960d21b_128.npz,False
126,random_walk,0.4,7,500,128,real,data/terrain_cache/f15b8960d21b_128.npz,False
127,random_walk,0.4,8,500,128,real,data/terrain_cache/f15b8960d21b_128.npz,False
128,random_walk,0.4,9,500,128,real,data/terrain_cache/f15b8960d21b_128.npz,False
129,random_walk,0.4,10,500,128,real,data/terrain_cache/f15b8960d21b_128.npz,False
130,random_walk,0.4,11,500,128,real,data/terrain_cache/f15b8960d21b_128.npz,False
131,random_walk,0.4,12,500,128,real,data/terrain_cache/f15b8960d21b_128.npz,False
132,random_walk,0.4,13,500,128,real,data/terrain_cache/f15b8960d21b_128.npz,False
133,random_walk,0.4,14,500,128,real,data/terrain_cache/f15b8960d21b_128.npz,False
134,random_walk,0.4,15,500,128,real,data/terrain_cache/f15b8960d21b_128.npz,False
135,random_walk,0.4,16,500,128,real,data/terrain_cache/f15b8960d21b_128.npz,False
136,random_walk,0.6,0,500,128,real,data/terrain_cache/f15b8960d21b_128.npz,False
137,random_walk,0.6,1,500,128,real,data/terrain_cache/f15b8960d21b_128.npz,False
138,random_walk,0.6,2,500,128,real,data/terrain_cache/f15b8960d21b_128.npz,False
139,random_walk,0.6,3,500,128,real,data/terrain_cache/f15b8960d21b_128.npz,False
140,random_walk,0.6,4,500,128,real,data/terrain_cache/f15b8960d21b_128.npz,False
141,random_walk,0.6,5,500,128,real,data/terrain_cache/f15b8960d21b_128.npz,False
142,random_walk,0.6,6,500,128,real,data/terrain_cache/f15b8960d21b_128.npz,False
143,random_walk,0.6,7,500,128,real,data/terrain_cache/f15b8960d21b_128.npz,False
144,random_walk,0.6,8,500,128,real,data/terrain_cache/f15b8960d21b_128.npz,False
145,random_walk,0.6,9,500,128,real,data/terrain_cache/f15b8960d21b_128.npz,False
146,random_walk,0.6,10,500,128,real,data/terrain_cache/f15b8960d21b_128.npz,False
147,random_walk,0.6,11,500,128,real,data/terrain_cache/f15b8960d21b_128.npz,False
148,random_walk,0.6,12,500,128,real,data/terrain_cache/f15b8960d21b_128.npz,False
149,random_walk,0.6,13,500,128,real,data/terrain_cache/f15b8960d21b_128.npz,False
150,random_walk,0.6,14,500,128,real,data/terrain_cache/f15b8960d21b_128.npz,False
151,random_walk,0.6,15,500,128,real,data/terrain_cache/f15b8960d21b_128.npz,False
152,random_walk,0.6,16,500,128,real,data/terrain_cache/f15b8960d21b_128.npz,False
153,random_walk,0.8,0,500,128,real,data/terrain_cache/f15b8960d21b_128.npz,False
154,random_walk,0.8,1,500,128,real,data/terrain_cache/f15b8960d21b_128.npz,False
155,random_walk,0.8,2,500,128,real,data/terrain_cache/f15b8960d21b_128.npz,False
156,random_walk,0.8,3,500,128,real,data/terrain_cache/f15b8960d21b_128.npz,False
157,random_walk,0.8,4,500,128,real,data/terrain_cache/f15b8960d21b_128.npz,False
158,random_walk,0.8,5,500,128,real,data/terrain_cache/f15b8960d21b_128.npz,False
159,random_walk,0.8,6,500,128,real,data/terrain_cache/f15b8960d21b_128.npz,False
160,random_walk,0.8,7,500,128,real,data/terrain_cache/f15b8960d21b_128.npz,False
161,random_walk,0.8,8,500,128,real,data/terrain_cache/f15b8960d21b_128.npz,False
162,random_walk,0.8,9,500,128,real,data/terrain_cache/f15b8960d21b_128.npz,False
163,random_walk,0.8,10,500,128,real,data/terrain_cache/f15b8960d21b_128.npz,False
164,random_walk,0.8,11,500,128,real,data/terrain_cache/f15b8960d21b_128.npz,False
165,random_walk,0.8,12,500,128,real,data/terrain_cache/f15b8960d21b_128.npz,False
166,random_walk,0.8,13,500,128,real,data/terrain_cache/f15b8960d21b_128.npz,False
167,random_walk,0.8,14,500,128,real,data/terrain_cache/f15b8960d21b_128.npz,False
168,random_walk,0.8,15,500,128,real,data/terrain_cache/f15b8960d21b_128.npz,False
169,random_walk,0.8,16,500,128,real,data/terrain_cache/f15b8960d21b_128.npz,False
170,lawnmower,0.0,0,500,128,real,data/terrain_cache/f15b8960d21b_128.npz,False
171,lawnmower,0.0,1,500,128,real,data/terrain_cache/f15b8960d21b_128.npz,False
172,lawnmower,0.0,2,500,128,real,data/terrain_cache/f15b8960d21b_128.npz,False
173,lawnmower,0.0,3,500,128,real,data/terrain_cache/f15b8960d21b_128.npz,False
174,lawnmower,0.0,4,500,128,real,data/terrain_cache/f15b8960d21b_128.npz,False
175,lawnmower,0.0,5,500,128,real,data/terrain_cache/f15b8960d21b_128.npz,False
176,lawnmower,0.0,6,500,128,real,data/terrain_cache/f15b8960d21b_128.npz,False
177,lawnmower,0.0,7,500,128,real,data/terrain_cache/f15b8960d21b_128.npz,False
178,lawnmower,0.0,8,500,128,real,data/terrain_cache/f15b8960d21b_128.npz,False
179,lawnmower,0.0,9,500,128,real,data/terrain_cache/f15b8960d21b_128.npz,False
180,lawnmower,0.0,10,500,128,real,data/terrain_cache/f15b8960d21b_128.npz,False
181,lawnmower,0.0,11,500,128,real,data/terrain_cache/f15b8960d21b_128.npz,False
182,lawnmower,0.0,12,500,128,real,data/terrain_cache/f15b8960d21b_128.npz,False
183,lawnmower,0.0,13,500,128,real,data/terrain_cache/f15b8960d21b_128.npz,False
184,lawnmower,0.0,14,500,128,real,data/terrain_cache/f15b8960d21b_128.npz,False
185,lawnmower,0.0,15,500,128,real,data/terrain_cache/f15b8960d21b_128.npz,False
186,lawnmower,0.0,16,500,128,real,data/terrain_cache/f15b8960d21b_128.npz,False
187,lawnmower,0.2,0,500,128,real,data/terrain_cache/f15b8960d21b_128.npz,False
188,lawnmower,0.2,1,500,128,real,data/terrain_cache/f15b8960d21b_128.npz,False
189,lawnmower,0.2,2,500,128,real,data/terrain_cache/f15b8960d21b_128.npz,False
190,lawnmower,0.2,3,500,128,real,data/terrain_cache/f15b8960d21b_128.npz,False
191,lawnmower,0.2,4,500,128,real,data/terrain_cache/f15b8960d21b_128.npz,False
192,lawnmower,0.2,5,500,128,real,data/terrain_cache/f15b8960d21b_128.npz,False
193,lawnmower,0.2,6,500,128,real,data/terrain_cache/f15b8960d21b_128.npz,False
194,lawnmower,0.2,7,500,128,real,data/terrain_cache/f15b8960d21b_128.npz,False
195,lawnmower,0.2,8,500,128,real,data/terrain_cache/f15b8960d21b_128.npz,False
196,lawnmower,0.2,9,500,128,real,data/terrain_cache/f15b8960d21b_128.npz,False
197,lawnmower,0.2,10,500,128,real,data/terrain_cache/f15b8960d21b_128.npz,False
198,lawnmower,0.2,11,500,128,real,data/terrain_cache/f15b8960d21b_128.npz,False
199,lawnmower,0.2,12,500,128,real,data/terrain_cache/f15b8960d21b_128.npz,False
200,lawnmower,0.2,13,500,128,real,data/terrain_cache/f15b8960d21b_128.npz,False
201,lawnmower,0.2,14,500,128,real,data/terrain_cache/f15b8960d21b_128.npz,False
202,lawnmower,0.2,15,500,128,real,data/terrain_cache/f15b8960d21b_128.npz,False
203,lawnmower,0.2,16,500,128,real,data/terrain_cache/f15b8960d21b_128.npz,False
204,lawnmower,0.4,0,500,128,real,data/terrain_cache/f15b8960d21b_128.npz,False
205,lawnmower,0.4,1,500,128,real,data/terrain_cache/f15b8960d21b_128.npz,False
206,lawnmower,0.4,2,500,128,real,data/terrain_cache/f15b8960d21b_128.npz,False
207,lawnmower,0.4,3,500,128,real,data/terrain_cache/f15b8960d21b_128.npz,False
208,lawnmower,0.4,4,500,128,real,data/terrain_cache/f15b8960d21b_128.npz,False
209,lawnmower,0.4,5,500,128,real,data/terrain_cache/f15b8960d21b_128.npz,False
210,lawnmower,0.4,6,500,128,real,data/terrain_cache/f15b8960d21b_128.npz,False
211,lawnmower,0.4,7,500,128,real,data/terrain_cache/f15b8960d21b_128.npz,False
212,lawnmower,0.4,8,500,128,real,data/terrain_cache/f15b8960d21b_128.npz,False
213,lawnmower,0.4,9,500,128,real,data/terrain_cache/f15b8960d21b_128.npz,False
214,lawnmower,0.4,10,500,128,real,data/terrain_cache/f15b8960d21b_128.npz,False
215,lawnmower,0.4,11,500,128,real,data/terrain_cache/f15b8960d21b_128.npz,False
216,lawnmower,0.4,12,500,128,real,data/terrain_cache/f15b8960d21b_128.npz,False
217,lawnmower,0.4,13,500,128,real,data/terrain_cache/f15b8960d21b_128.npz,False
218,lawnmower,0.4,14,500,128,real,data/terrain_cache/f15b8960d21b_128.npz,False
219,lawnmower,0.4,15,500,128,real,data/terrain_cache/f15b8960d21b_128.npz,False
220,lawnmower,0.4,16,500,128,real,data/terrain_cache/f15b8960d21b_128.npz,False
221,lawnmower,0.6,0,500,128,real,data/terrain_cache/f15b8960d21b_128.npz,False
222,lawnmower,0.6,1,500,128,real,data/terrain_cache/f15b8960d21b_128.npz,False
223,lawnmower,0.6,2,500,128,real,data/terrain_cache/f15b8960d21b_128.npz,False
224,lawnmower,0.6,3,500,128,real,data/terrain_cache/f15b8960d21b_128.npz,False
225,lawnmower,0.6,4,500,128,real,data/terrain_cache/f15b8960d21b_128.npz,False
226,lawnmower,0.6,5,500,128,real,data/terrain_cache/f15b8960d21b_128.npz,False
227,lawnmower,0.6,6,500,128,real,data/terrain_cache/f15b8960d21b_128.npz,False
228,lawnmower,0.6,7,500,128,real,data/terrain_cache/f15b8960d21b_128.npz,False
229,lawnmower,0.6,8,500,128,real,data/terrain_cache/f15b8960d21b_128.npz,False
230,lawnmower,0.6,9,500,128,real,data/terrain_cache/f15b8960d21b_128.npz,False
231,lawnmower,0.6,10,500,128,real,data/terrain_cache/f15b8960d21b_128.npz,False
232,lawnmower,0.6,11,500,128,real,data/terrain_cache/f15b8960d21b_128.npz,False
233,lawnmower,0.6,12,500,128,real,data/terrain_cache/f15b8960d21b_128.npz,False
234,lawnmower,0.6,13,500,128,real,data/terrain_cache/f15b8960d21b_128.npz,False
235,lawnmower,0.6,14,500,128,real,data/terrain_cache/f15b8960d21b_128.npz,False
236,lawnmower,0.6,15,500,128,real,data/terrain_cache/f15b8960d21b_128.npz,False
237,lawnmower,0.6,16,500,128,real,data/terrain_cache/f15b8960d21b_128.npz,False
238,lawnmower,0.8,0,500,128,real,data/terrain_cache/f15b8960d21b_128.npz,False
239,lawnmower,0.8,1,500,128,real,data/terrain_cache/f15b8960d21b_128.npz,False
240,lawnmower,0.8,2,500,128,real,data/terrain_cache/f15b8960d21b_128.npz,False
241,lawnmower,0.8,3,500,128,real,data/terrain_cache/f15b8960d21b_128.npz,False
242,lawnmower,0.8,4,500,128,real,data/terrain_cache/f15b8960d21b_128.npz,False
243,lawnmower,0.8,5,500,128,real,data/terrain_cache/f15b8960d21b_128.npz,False
244,lawnmower,0.8,6,500,128,real,data/terrain_cache/f15b8960d21b_128.npz,False
245,lawnmower,0.8,7,500,128,real,data/terrain_cache/f15b8960d21b_128.npz,False
246,lawnmower,0.8,8,500,128,real,data/terrain_cache/f15b8960d21b_128.npz,False
247,lawnmower,0.8,9,500,128,real,data/terrain_cache/f15b8960d21b_128.npz,False
248,lawnmower,0.8,10,500,128,real,data/terrain_cache/f15b8960d21b_128.npz,False
249,lawnmower,0.8,11,500,128,real,data/terrain_cache/f15b8960d21b_128.npz,False
250,lawnmower,0.8,12,500,128,real,data/terrain_cache/f15b8960d21b_128.npz,False
251,lawnmower,0.8,13,500,128,real,data/terrain_cache/f15b8960d21b_128.npz,False
252,lawnmower,0.8,14,500,128,real,data/terrain_cache/f15b8960d21b_128.npz,False
253,lawnmower,0.8,15,500,128,real,data/terrain_cache/f15b8960d21b_128.npz,False
254,lawnmower,0.8,16,500,128,real,data/terrain_cache/f15b8960d21b_128.npz,False
255,nearest_candidate,0.0,0,500,128,real,data/terrain_cache/f15b8960d21b_128.npz,False
256,nearest_candidate,0.0,1,500,128,real,data/terrain_cache/f15b8960d21b_128.npz,False
257,nearest_candidate,0.0,2,500,128,real,data/terrain_cache/f15b8960d21b_128.npz,False
258,nearest_candidate,0.0,3,500,128,real,data/terrain_cache/f15b8960d21b_128.npz,False
259,nearest_candidate,0.0,4,500,128,real,data/terrain_cache/f15b8960d21b_128.npz,False
260,nearest_candidate,0.0,5,500,128,real,data/terrain_cache/f15b8960d21b_128.npz,False
261,nearest_candidate,0.0,6,500,128,real,data/terrain_cache/f15b8960d21b_128.npz,False
262,nearest_candidate,0.0,7,500,128,real,data/terrain_cache/f15b8960d21b_128.npz,False
263,nearest_candidate,0.0,8,500,128,real,data/terrain_cache/f15b8960d21b_128.npz,False
264,nearest_candidate,0.0,9,500,128,real,data/terrain_cache/f15b8960d21b_128.npz,False
265,nearest_candidate,0.0,10,500,128,real,data/terrain_cache/f15b8960d21b_128.npz,False
266,nearest_candidate,0.0,11,500,128,real,data/terrain_cache/f15b8960d21b_128.npz,False
267,nearest_candidate,0.0,12,500,128,real,data/terrain_cache/f15b8960d21b_128.npz,False
268,nearest_candidate,0.0,13,500,128,real,data/terrain_cache/f15b8960d21b_128.npz,False
269,nearest_candidate,0.0,14,500,128,real,data/terrain_cache/f15b8960d21b_128.npz,False
270,nearest_candidate,0.0,15,500,128,real,data/terrain_cache/f15b8960d21b_128.npz,False
271,nearest_candidate,0.0,16,500,128,real,data/terrain_cache/f15b8960d21b_128.npz,False
272,nearest_candidate,0.2,0,500,128,real,data/terrain_cache/f15b8960d21b_128.npz,False
273,nearest_candidate,0.2,1,500,128,real,data/terrain_cache/f15b8960d21b_128.npz,False
274,nearest_candidate,0.2,2,500,128,real,data/terrain_cache/f15b8960d21b_128.npz,False
275,nearest_candidate,0.2,3,500,128,real,data/terrain_cache/f15b8960d21b_128.npz,False
276,nearest_candidate,0.2,4,500,128,real,data/terrain_cache/f15b8960d21b_128.npz,False
277,nearest_candidate,0.2,5,500,128,real,data/terrain_cache/f15b8960d21b_128.npz,False
278,nearest_candidate,0.2,6,500,128,real,data/terrain_cache/f15b8960d21b_128.npz,False
279,nearest_candidate,0.2,7,500,128,real,data/terrain_cache/f15b8960d21b_128.npz,False
280,nearest_candidate,0.2,8,500,128,real,data/terrain_cache/f15b8960d21b_128.npz,False
281,nearest_candidate,0.2,9,500,128,real,data/terrain_cache/f15b8960d21b_128.npz,False
282,nearest_candidate,0.2,10,500,128,real,data/terrain_cache/f15b8960d21b_128.npz,False
283,nearest_candidate,0.2,11,500,128,real,data/terrain_cache/f15b8960d21b_128.npz,False
284,nearest_candidate,0.2,12,500,128,real,data/terrain_cache/f15b8960d21b_128.npz,False
285,nearest_candidate,0.2,13,500,128,real,data/terrain_cache/f15b8960d21b_128.npz,False
286,nearest_candidate,0.2,14,500,128,real,data/terrain_cache/f15b8960d21b_128.npz,False
287,nearest_candidate,0.2,15,500,128,real,data/terrain_cache/f15b8960d21b_128.npz,False
288,nearest_candidate,0.2,16,500,128,real,data/terrain_cache/f15b8960d21b_128.npz,False
289,nearest_candidate,0.4,0,500,128,real,data/terrain_cache/f15b8960d21b_128.npz,False
290,nearest_candidate,0.4,1,500,128,real,data/terrain_cache/f15b8960d21b_128.npz,False
291,nearest_candidate,0.4,2,500,128,real,data/terrain_cache/f15b8960d21b_128.npz,False
292,nearest_candidate,0.4,3,500,128,real,data/terrain_cache/f15b8960d21b_128.npz,False
293,nearest_candidate,0.4,4,500,128,real,data/terrain_cache/f15b8960d21b_128.npz,False
294,nearest_candidate,0.4,5,500,128,real,data/terrain_cache/f15b8960d21b_128.npz,False
295,nearest_candidate,0.4,6,500,128,real,data/terrain_cache/f15b8960d21b_128.npz,False
296,nearest_candidate,0.4,7,500,128,real,data/terrain_cache/f15b8960d21b_128.npz,False
297,nearest_candidate,0.4,8,500,128,real,data/terrain_cache/f15b8960d21b_128.npz,False
298,nearest_candidate,0.4,9,500,128,real,data/terrain_cache/f15b8960d21b_128.npz,False
299,nearest_candidate,0.4,10,500,128,real,data/terrain_cache/f15b8960d21b_128.npz,False
300,nearest_candidate,0.4,11,500,128,real,data/terrain_cache/f15b8960d21b_128.npz,False
301,nearest_candidate,0.4,12,500,128,real,data/terrain_cache/f15b8960d21b_128.npz,False
302,nearest_candidate,0.4,13,500,128,real,data/terrain_cache/f15b8960d21b_128.npz,False
303,nearest_candidate,0.4,14,500,128,real,data/terrain_cache/f15b8960d21b_128.npz,False
304,nearest_candidate,0.4,15,500,128,real,data/terrain_cache/f15b8960d21b_128.npz,False
305,nearest_candidate,0.4,16,500,128,real,data/terrain_cache/f15b8960d21b_128.npz,False
306,nearest_candidate,0.6,0,500,128,real,data/terrain_cache/f15b8960d21b_128.npz,False
307,nearest_candidate,0.6,1,500,128,real,data/terrain_cache/f15b8960d21b_128.npz,False
308,nearest_candidate,0.6,2,500,128,real,data/terrain_cache/f15b8960d21b_128.npz,False
309,nearest_candidate,0.6,3,500,128,real,data/terrain_cache/f15b8960d21b_128.npz,False
310,nearest_candidate,0.6,4,500,128,real,data/terrain_cache/f15b8960d21b_128.npz,False
311,nearest_candidate,0.6,5,500,128,real,data/terrain_cache/f15b8960d21b_128.npz,False
312,nearest_candidate,0.6,6,500,128,real,data/terrain_cache/f15b8960d21b_128.npz,False
313,nearest_candidate,0.6,7,500,128,real,data/terrain_cache/f15b8960d21b_128.npz,False
314,nearest_candidate,0.6,8,500,128,real,data/terrain_cache/f15b8960d21b_128.npz,False
315,nearest_candidate,0.6,9,500,128,real,data/terrain_cache/f15b8960d21b_128.npz,False
316,nearest_candidate,0.6,10,500,128,real,data/terrain_cache/f15b8960d21b_128.npz,False
317,nearest_candidate,0.6,11,500,128,real,data/terrain_cache/f15b8960d21b_128.npz,False
318,nearest_candidate,0.6,12,500,128,real,data/terrain_cache/f15b8960d21b_128.npz,False
319,nearest_candidate,0.6,13,500,128,real,data/terrain_cache/f15b8960d21b_128.npz,False
320,nearest_candidate,0.6,14,500,128,real,data/terrain_cache/f15b8960d21b_128.npz,False
321,nearest_candidate,0.6,15,500,128,real,data/terrain_cache/f15b8960d21b_128.npz,False
322,nearest_candidate,0.6,16,500,128,real,data/terrain_cache/f15b8960d21b_128.npz,False
323,nearest_candidate,0.8,0,500,128,real,data/terrain_cache/f15b8960d21b_128.npz,False
324,nearest_candidate,0.8,1,500,128,real,data/terrain_cache/f15b8960d21b_128.npz,False
325,nearest_candidate,0.8,2,500,128,real,data/terrain_cache/f15b8960d21b_128.npz,False
326,nearest_candidate,0.8,3,500,128,real,data/terrain_cache/f15b8960d21b_128.npz,False
327,nearest_candidate,0.8,4,500,128,real,data/terrain_cache/f15b8960d21b_128.npz,False
328,nearest_candidate,0.8,5,500,128,real,data/terrain_cache/f15b8960d21b_128.npz,False
329,nearest_candidate,0.8,6,500,128,real,data/terrain_cache/f15b8960d21b_128.npz,False
330,nearest_candidate,0.8,7,500,128,real,data/terrain_cache/f15b8960d21b_128.npz,False
331,nearest_candidate,0.8,8,500,128,real,data/terrain_cache/f15b8960d21b_128.npz,False
332,nearest_candidate,0.8,9,500,128,real,data/terrain_cache/f15b8960d21b_128.npz,False
333,nearest_candidate,0.8,10,500,128,real,data/terrain_cache/f15b8960d21b_128.npz,False
334,nearest_candidate,0.8,11,500,128,real,data/terrain_cache/f15b8960d21b_128.npz,False
335,nearest_candidate,0.8,12,500,128,real,data/terrain_cache/f15b8960d21b_128.npz,False
336,nearest_candidate,0.8,13,500,128,real,data/terrain_cache/f15b8960d21b_128.npz,False
337,nearest_candidate,0.8,14,500,128,real,data/terrain_cache/f15b8960d21b_128.npz,False
338,nearest_candidate,0.8,15,500,128,real,data/terrain_cache/f15b8960d21b_128.npz,False
339,nearest_candidate,0.8,16,500,128,real,data/terrain_cache/f15b8960d21b_128.npz,False
340,highest_confidence,0.0,0,500,128,real,data/terrain_cache/f15b8960d21b_128.npz,False
341,highest_confidence,0.0,1,500,128,real,data/terrain_cache/f15b8960d21b_128.npz,False
342,highest_confidence,0.0,2,500,128,real,data/terrain_cache/f15b8960d21b_128.npz,False
343,highest_confidence,0.0,3,500,128,real,data/terrain_cache/f15b8960d21b_128.npz,False
344,highest_confidence,0.0,4,500,128,real,data/terrain_cache/f15b8960d21b_128.npz,False
345,highest_confidence,0.0,5,500,128,real,data/terrain_cache/f15b8960d21b_128.npz,False
346,highest_confidence,0.0,6,500,128,real,data/terrain_cache/f15b8960d21b_128.npz,False
347,highest_confidence,0.0,7,500,128,real,data/terrain_cache/f15b8960d21b_128.npz,False
348,highest_confidence,0.0,8,500,128,real,data/terrain_cache/f15b8960d21b_128.npz,False
349,highest_confidence,0.0,9,500,128,real,data/terrain_cache/f15b8960d21b_128.npz,False
350,highest_confidence,0.0,10,500,128,real,data/terrain_cache/f15b8960d21b_128.npz,False
351,highest_confidence,0.0,11,500,128,real,data/terrain_cache/f15b8960d21b_128.npz,False
352,highest_confidence,0.0,12,500,128,real,data/terrain_cache/f15b8960d21b_128.npz,False
353,highest_confidence,0.0,13,500,128,real,data/terrain_cache/f15b8960d21b_128.npz,False
354,highest_confidence,0.0,14,500,128,real,data/terrain_cache/f15b8960d21b_128.npz,False
355,highest_confidence,0.0,15,500,128,real,data/terrain_cache/f15b8960d21b_128.npz,False
356,highest_confidence,0.0,16,500,128,real,data/terrain_cache/f15b8960d21b_128.npz,False
357,highest_confidence,0.2,0,500,128,real,data/terrain_cache/f15b8960d21b_128.npz,False
358,highest_confidence,0.2,1,500,128,real,data/terrain_cache/f15b8960d21b_128.npz,False
359,highest_confidence,0.2,2,500,128,real,data/terrain_cache/f15b8960d21b_128.npz,False
360,highest_confidence,0.2,3,500,128,real,data/terrain_cache/f15b8960d21b_128.npz,False
361,highest_confidence,0.2,4,500,128,real,data/terrain_cache/f15b8960d21b_128.npz,False
362,highest_confidence,0.2,5,500,128,real,data/terrain_cache/f15b8960d21b_128.npz,False
363,highest_confidence,0.2,6,500,128,real,data/terrain_cache/f15b8960d21b_128.npz,False
364,highest_confidence,0.2,7,500,128,real,data/terrain_cache/f15b8960d21b_128.npz,False
365,highest_confidence,0.2,8,500,128,real,data/terrain_cache/f15b8960d21b_128.npz,False
366,highest_confidence,0.2,9,500,128,real,data/terrain_cache/f15b8960d21b_128.npz,False
367,highest_confidence,0.2,10,500,128,real,data/terrain_cache/f15b8960d21b_128.npz,False
368,highest_confidence,0.2,11,500,128,real,data/terrain_cache/f15b8960d21b_128.npz,False
369,highest_confidence,0.2,12,500,128,real,data/terrain_cache/f15b8960d21b_128.npz,False
370,highest_confidence,0.2,13,500,128,real,data/terrain_cache/f15b8960d21b_128.npz,False
371,highest_confidence,0.2,14,500,128,real,data/terrain_cache/f15b8960d21b_128.npz,False
372,highest_confidence,0.2,15,500,128,real,data/terrain_cache/f15b8960d21b_128.npz,False
373,highest_confidence,0.2,16,500,128,real,data/terrain_cache/f15b8960d21b_128.npz,False
374,highest_confidence,0.4,0,500,128,real,data/terrain_cache/f15b8960d21b_128.npz,False
375,highest_confidence,0.4,1,500,128,real,data/terrain_cache/f15b8960d21b_128.npz,False
376,highest_confidence,0.4,2,500,128,real,data/terrain_cache/f15b8960d21b_128.npz,False
377,highest_confidence,0.4,3,500,128,real,data/terrain_cache/f15b8960d21b_128.npz,False
378,highest_confidence,0.4,4,500,128,real,data/terrain_cache/f15b8960d21b_128.npz,False
379,highest_confidence,0.4,5,500,128,real,data/terrain_cache/f15b8960d21b_128.npz,False
380,highest_confidence,0.4,6,500,128,real,data/terrain_cache/f15b8960d21b_128.npz,False
381,highest_confidence,0.4,7,500,128,real,data/terrain_cache/f15b8960d21b_128.npz,False
382,highest_confidence,0.4,8,500,128,real,data/terrain_cache/f15b8960d21b_128.npz,False
383,highest_confidence,0.4,9,500,128,real,data/terrain_cache/f15b8960d21b_128.npz,False
384,highest_confidence,0.4,10,500,128,real,data/terrain_cache/f15b8960d21b_128.npz,False
385,highest_confidence,0.4,11,500,128,real,data/terrain_cache/f15b8960d21b_128.npz,False
386,highest_confidence,0.4,12,500,128,real,data/terrain_cache/f15b8960d21b_128.npz,False
387,highest_confidence,0.4,13,500,128,real,data/terrain_cache/f15b8960d21b_128.npz,False
388,highest_confidence,0.4,14,500,128,real,data/terrain_cache/f15b8960d21b_128.npz,False
389,highest_confidence,0.4,15,500,128,real,data/terrain_cache/f15b8960d21b_128.npz,False
390,highest_confidence,0.4,16,500,128,real,data/terrain_cache/f15b8960d21b_128.npz,False
391,highest_confidence,0.6,0,500,128,real,data/terrain_cache/f15b8960d21b_128.npz,False
392,highest_confidence,0.6,1,500,128,real,data/terrain_cache/f15b8960d21b_128.npz,False
393,highest_confidence,0.6,2,500,128,real,data/terrain_cache/f15b8960d21b_128.npz,False
394,highest_confidence,0.6,3,500,128,real,data/terrain_cache/f15b8960d21b_128.npz,False
395,highest_confidence,0.6,4,500,128,real,data/terrain_cache/f15b8960d21b_128.npz,False
396,highest_confidence,0.6,5,500,128,real,data/terrain_cache/f15b8960d21b_128.npz,False
397,highest_confidence,0.6,6,500,128,real,data/terrain_cache/f15b8960d21b_128.npz,False
398,highest_confidence,0.6,7,500,128,real,data/terrain_cache/f15b8960d21b_128.npz,False
399,highest_confidence,0.6,8,500,128,real,data/terrain_cache/f15b8960d21b_128.npz,False
400,highest_confidence,0.6,9,500,128,real,data/terrain_cache/f15b8960d21b_128.npz,False
401,highest_confidence,0.6,10,500,128,real,data/terrain_cache/f15b8960d21b_128.npz,False
402,highest_confidence,0.6,11,500,128,real,data/terrain_cache/f15b8960d21b_128.npz,False
403,highest_confidence,0.6,12,500,128,real,data/terrain_cache/f15b8960d21b_128.npz,False
404,highest_confidence,0.6,13,500,128,real,data/terrain_cache/f15b8960d21b_128.npz,False
405,highest_confidence,0.6,14,500,128,real,data/terrain_cache/f15b8960d21b_128.npz,False
406,highest_confidence,0.6,15,500,128,real,data/terrain_cache/f15b8960d21b_128.npz,False
407,highest_confidence,0.6,16,500,128,real,data/terrain_cache/f15b8960d21b_128.npz,False
408,highest_confidence,0.8,0,500,128,real,data/terrain_cache/f15b8960d21b_128.npz,False
409,highest_confidence,0.8,1,500,128,real,data/terrain_cache/f15b8960d21b_128.npz,False
410,highest_confidence,0.8,2,500,128,real,data/terrain_cache/f15b8960d21b_128.npz,False
411,highest_confidence,0.8,3,500,128,real,data/terrain_cache/f15b8960d21b_128.npz,False
412,highest_confidence,0.8,4,500,128,real,data/terrain_cache/f15b8960d21b_128.npz,False
413,highest_confidence,0.8,5,500,128,real,data/terrain_cache/f15b8960d21b_128.npz,False
414,highest_confidence,0.8,6,500,128,real,data/terrain_cache/f15b8960d21b_128.npz,False
415,highest_confidence,0.8,7,500,128,real,data/terrain_cache/f15b8960d21b_128.npz,False
416,highest_confidence,0.8,8,500,128,real,data/terrain_cache/f15b8960d21b_128.npz,False
417,highest_confidence,0.8,9,500,128,real,data/terrain_cache/f15b8960d21b_128.npz,False
418,highest_confidence,0.8,10,500,128,real,data/terrain_cache/f15b8960d21b_128.npz,False
419,highest_confidence,0.8,11,500,128,real,data/terrain_cache/f15b8960d21b_128.npz,False
420,highest_confidence,0.8,12,500,128,real,data/terrain_cache/f15b8960d21b_128.npz,False
421,highest_confidence,0.8,13,500,128,real,data/terrain_cache/f15b8960d21b_128.npz,False
422,highest_confidence,0.8,14,500,128,real,data/terrain_cache/f15b8960d21b_128.npz,False
423,highest_confidence,0.8,15,500,128,real,data/terrain_cache/f15b8960d21b_128.npz,False
424,highest_confidence,0.8,16,500,128,real,data/terrain_cache/f15b8960d21b_128.npz,False
425,ant_colony,0.0,0,500,128,real,data/terrain_cache/f15b8960d21b_128.npz,False
426,ant_colony,0.0,1,500,128,real,data/terrain_cache/f15b8960d21b_128.npz,False
427,ant_colony,0.0,2,500,128,real,data/terrain_cache/f15b8960d21b_128.npz,False
428,ant_colony,0.0,3,500,128,real,data/terrain_cache/f15b8960d21b_128.npz,False
429,ant_colony,0.0,4,500,128,real,data/terrain_cache/f15b8960d21b_128.npz,False
430,ant_colony,0.0,5,500,128,real,data/terrain_cache/f15b8960d21b_128.npz,False
431,ant_colony,0.0,6,500,128,real,data/terrain_cache/f15b8960d21b_128.npz,False
432,ant_colony,0.0,7,500,128,real,data/terrain_cache/f15b8960d21b_128.npz,False
433,ant_colony,0.0,8,500,128,real,data/terrain_cache/f15b8960d21b_128.npz,False
434,ant_colony,0.0,9,500,128,real,data/terrain_cache/f15b8960d21b_128.npz,False
435,ant_colony,0.0,10,500,128,real,data/terrain_cache/f15b8960d21b_128.npz,False
436,ant_colony,0.0,11,500,128,real,data/terrain_cache/f15b8960d21b_128.npz,False
437,ant_colony,0.0,12,500,128,real,data/terrain_cache/f15b8960d21b_128.npz,False
438,ant_colony,0.0,13,500,128,real,data/terrain_cache/f15b8960d21b_128.npz,False
439,ant_colony,0.0,14,500,128,real,data/terrain_cache/f15b8960d21b_128.npz,False
440,ant_colony,0.0,15,500,128,real,data/terrain_cache/f15b8960d21b_128.npz,False
441,ant_colony,0.0,16,500,128,real,data/terrain_cache/f15b8960d21b_128.npz,False
442,ant_colony,0.2,0,500,128,real,data/terrain_cache/f15b8960d21b_128.npz,False
443,ant_colony,0.2,1,500,128,real,data/terrain_cache/f15b8960d21b_128.npz,False
444,ant_colony,0.2,2,500,128,real,data/terrain_cache/f15b8960d21b_128.npz,False
445,ant_colony,0.2,3,500,128,real,data/terrain_cache/f15b8960d21b_128.npz,False
446,ant_colony,0.2,4,500,128,real,data/terrain_cache/f15b8960d21b_128.npz,False
447,ant_colony,0.2,5,500,128,real,data/terrain_cache/f15b8960d21b_128.npz,False
448,ant_colony,0.2,6,500,128,real,data/terrain_cache/f15b8960d21b_128.npz,False
449,ant_colony,0.2,7,500,128,real,data/terrain_cache/f15b8960d21b_128.npz,False
450,ant_colony,0.2,8,500,128,real,data/terrain_cache/f15b8960d21b_128.npz,False
451,ant_colony,0.2,9,500,128,real,data/terrain_cache/f15b8960d21b_128.npz,False
452,ant_colony,0.2,10,500,128,real,data/terrain_cache/f15b8960d21b_128.npz,False
453,ant_colony,0.2,11,500,128,real,data/terrain_cache/f15b8960d21b_128.npz,False
454,ant_colony,0.2,12,500,128,real,data/terrain_cache/f15b8960d21b_128.npz,False
455,ant_colony,0.2,13,500,128,real,data/terrain_cache/f15b8960d21b_128.npz,False
456,ant_colony,0.2,14,500,128,real,data/terrain_cache/f15b8960d21b_128.npz,False
457,ant_colony,0.2,15,500,128,real,data/terrain_cache/f15b8960d21b_128.npz,False
458,ant_colony,0.2,16,500,128,real,data/terrain_cache/f15b8960d21b_128.npz,False
459,ant_colony,0.4,0,500,128,real,data/terrain_cache/f15b8960d21b_128.npz,False
460,ant_colony,0.4,1,500,128,real,data/terrain_cache/f15b8960d21b_128.npz,False
461,ant_colony,0.4,2,500,128,real,data/terrain_cache/f15b8960d21b_128.npz,False
462,ant_colony,0.4,3,500,128,real,data/terrain_cache/f15b8960d21b_128.npz,False
463,ant_colony,0.4,4,500,128,real,data/terrain_cache/f15b8960d21b_128.npz,False
464,ant_colony,0.4,5,500,128,real,data/terrain_cache/f15b8960d21b_128.npz,False
465,ant_colony,0.4,6,500,128,real,data/terrain_cache/f15b8960d21b_128.npz,False
466,ant_colony,0.4,7,500,128,real,data/terrain_cache/f15b8960d21b_128.npz,False
467,ant_colony,0.4,8,500,128,real,data/terrain_cache/f15b8960d21b_128.npz,False
468,ant_colony,0.4,9,500,128,real,data/terrain_cache/f15b8960d21b_128.npz,False
469,ant_colony,0.4,10,500,128,real,data/terrain_cache/f15b8960d21b_128.npz,False
470,ant_colony,0.4,11,500,128,real,data/terrain_cache/f15b8960d21b_128.npz,False
471,ant_colony,0.4,12,500,128,real,data/terrain_cache/f15b8960d21b_128.npz,False
472,ant_colony,0.4,13,500,128,real,data/terrain_cache/f15b8960d21b_128.npz,False
473,ant_colony,0.4,14,500,128,real,data/terrain_cache/f15b8960d21b_128.npz,False
474,ant_colony,0.4,15,500,128,real,data/terrain_cache/f15b8960d21b_128.npz,False
475,ant_colony,0.4,16,500,128,real,data/terrain_cache/f15b8960d21b_128.npz,False
476,ant_colony,0.6,0,500,128,real,data/terrain_cache/f15b8960d21b_128.npz,False
477,ant_colony,0.6,1,500,128,real,data/terrain_cache/f15b8960d21b_128.npz,False
478,ant_colony,0.6,2,500,128,real,data/terrain_cache/f15b8960d21b_128.npz,False
479,ant_colony,0.6,3,500,128,real,data/terrain_cache/f15b8960d21b_128.npz,False
480,ant_colony,0.6,4,500,128,real,data/terrain_cache/f15b8960d21b_128.npz,False
481,ant_colony,0.6,5,500,128,real,data/terrain_cache/f15b8960d21b_128.npz,False
482,ant_colony,0.6,6,500,128,real,data/terrain_cache/f15b8960d21b_128.npz,False
483,ant_colony,0.6,7,500,128,real,data/terrain_cache/f15b8960d21b_128.npz,False
484,ant_colony,0.6,8,500,128,real,data/terrain_cache/f15b8960d21b_128.npz,False
485,ant_colony,0.6,9,500,128,real,data/terrain_cache/f15b8960d21b_128.npz,False
486,ant_colony,0.6,10,500,128,real,data/terrain_cache/f15b8960d21b_128.npz,False
487,ant_colony,0.6,11,500,128,real,data/terrain_cache/f15b8960d21b_128.npz,False
488,ant_colony,0.6,12,500,128,real,data/terrain_cache/f15b8960d21b_128.npz,False
489,ant_colony,0.6,13,500,128,real,data/terrain_cache/f15b8960d21b_128.npz,False
490,ant_colony,0.6,14,500,128,real,data/terrain_cache/f15b8960d21b_128.npz,False
491,ant_colony,0.6,15,500,128,real,data/terrain_cache/f15b8960d21b_128.npz,False
492,ant_colony,0.6,16,500,128,real,data/terrain_cache/f15b8960d21b_128.npz,False
493,ant_colony,0.8,0,500,128,real,data/terrain_cache/f15b8960d21b_128.npz,False
494,ant_colony,0.8,1,500,128,real,data/terrain_cache/f15b8960d21b_128.npz,False
495,ant_colony,0.8,2,500,128,real,data/terrain_cache/f15b8960d21b_128.npz,False
496,ant_colony,0.8,3,500,128,real,data/terrain_cache/f15b8960d21b_128.npz,False
497,ant_colony,0.8,4,500,128,real,data/terrain_cache/f15b8960d21b_128.npz,False
498,ant_colony,0.8,5,500,128,real,data/terrain_cache/f15b8960d21b_128.npz,False
499,ant_colony,0.8,6,500,128,real,data/terrain_cache/f15b8960d21b_128.npz,False
500,ant_colony,0.8,7,500,128,real,data/terrain_cache/f15b8960d21b_128.npz,False
501,ant_colony,0.8,8,500,128,real,data/terrain_cache/f15b8960d21b_128.npz,False
502,ant_colony,0.8,9,500,128,real,data/terrain_cache/f15b8960d21b_128.npz,False
503,ant_colony,0.8,10,500,128,real,data/terrain_cache/f15b8960d21b_128.npz,False
504,ant_colony,0.8,11,500,128,real,data/terrain_cache/f15b8960d21b_128.npz,False
505,ant_colony,0.8,12,500,128,real,data/terrain_cache/f15b8960d21b_128.npz,False
506,ant_colony,0.8,13,500,128,real,data/terrain_cache/f15b8960d21b_128.npz,False
507,ant_colony,0.8,14,500,128,real,data/terrain_cache/f15b8960d21b_128.npz,False
508,ant_colony,0.8,15,500,128,real,data/terrain_cache/f15b8960d21b_128.npz,False
509,ant_colony,0.8,16,500,128,real,data/terrain_cache/f15b8960d21b_128.npz,False
